id,bezirk,name,strasse,plz,von,bis,veranstalter,oeffnungszeiten,email,w3,bemerkungen
58,Treptow-Köpenick,Winterzauber Weihnachtsmarkt,Möllhausenufer 30,12555,01.11.2024,31.12.2024,Strandbad Wendenschloss GmbH,12:00 - 20:00 Uhr,info@strandbad-wendenschloss.berlin,https://strandbad-wendenschloss.berlin,/
181,Mitte,Smash Burger,"Landsberger Allee, Rotes Rathaus, Alexander Platz",10178,01.11.2024,28.12.2024,Mr. Smash Burger,14:00 Uhr bis 23:00 Uhr,vivien-selimi@gmx.de,/,/
214,Mitte,Weddingmarkt,Leopoldplatz,13353,01.12. / 08.12. / 15.12. / 22.12.2024,,Weddingmarkt - Sabrina Pützer,11:00 Uhr bis 19:00 Uhr,weddingkulturmarkt@gmail.com,https://www.wedding-markt.de/,"Weddingmarkt wird Weihnachtsmarkt. An allen 4. Adventssonntagen vor Weihnachten! 100 Stände, Streetfood & Nebenprogramm. 01., 08., 15. und 22. Dezember. 11 – 19 Uhr. Leopoldplatz, Barrierefrei. besondere Attraktionen: 100 Stände mit handgefertigten Geschenken: Design, Fotografie, Keramik, Illustrationen, Malerei, Wohnaccessoires, Möbel, Schmuck, Mode, Spirituosen, Tees und vieles mehr.. Himmlisches Essen: Spätzle, Maultaschen, Knödel, Galettes & Crepe, mexikanischen Tacos, Koreanische Spezialitäten, Waffeln, Churros, Alfajores etc... Nebenprogramm: Musik, Lagerfeuer & Stockbrot... Glühwein & Apfelpunsch.. Ganz viel Kiezliebe... Eintritt natürlich frei. An allen vier Adventssonntagen wird der Weddingmarkt im winterlichen Glanz erstrahlen – am 01., 08., 15. und 22. Dezember 2024 von 11-19 Uhr – mitten im Stadtteil Wedding auf dem Leopoldplatz, vor der historischen Schinkel-Kirche (Alte Nazarethkirche). Dieses Jahr können ganz besondere Geschenke unter den Weihnachtsbaum gelegt werden, denn der Besuch beim weihnachtlichen Weddingmarkt verspricht außergewöhnliche Kunst, Design und echte Handwerksliebe. Viele Weddinger Labels zeigen draußen auf dem Leopoldplatz die hochwertige Vielfalt des lebendigen Stadtteils. Die Besucher erwarten rund 100 Stände mit Design, Fotografie, Keramik, Illustrationen, Malerei, Wohnaccessoires, Möbel, Schmuck, Mode, Spirituosen, Tees und vieles mehr. Insgesamt wirken rund 250 verschiedene Aussteller an vier Terminen mit, sodass der Besuch jedesmal abwechslungsreich und lohnenswert ist. Zudem gibt es internationales Streetfood mit schwäbischen Maultaschen und Spätzle, französischen Galettes, mexikanischen Tacos, asiatischen Barbecue, bis hinzu knusprigen Waffeln ist alles für den anspruchsvollen Gaumen dabei. Glühwein und Lagerfeuer mit kostenloser „Stockbrot-Station“ für die kleinen Besucher laden zur weihnachtlichen Atmosphäre ein. Das Ganze wird begleitet durch ein künstlerisches Nebenprogramm mit Musik und vielen weiteren Überraschungen. Der Eintritt zum Markt ist wie immer frei. Im Vorfeld werden über Social Media Weddingmarkt-Unikate als Adventskalender. Alle aktuellen Informationen unter: wedding-markt.de .. Instagram: https://www.instagram.com/weddingmarkt"
61,Steglitz-Zehlendorf,Kunsthandwerklicher Weihnachtsmarkt Mexikoplatz,Mexikoplatz und Bülowstraße 1-8,14163,01.12. / 15.12. / 22.12.2024,,KUNSTHAND-BERLIN Cornelja Hasler,11:00 - 18:00 Uhr,info@kunsthand-berlin.de,https://kunsthand-berlin.de/,"Es werden nur handgefertigte Objekte kleiner Ateliers und Werkstätten gezeigt, die Kunsthandwerker sind vor Ort.
Keine Handels-/Importware! Kein Rahmenprogramm."
97,Mitte,Adventsbasar an der Heilandskirche,Thusnelda-Allee 1,10555,01.12.2024,01.12.2024,Marktzeit - Brigitta Voigt,12:00 -18:00 Uhr,marktzeit@posteo.de,https://www.marktzeit.berlin/,Adventsmarkt findet nur am 1. Advent statt.
145,Reinickendorf,Ökumenischer Adventsbasar im Pfarrgarten,Alt-Lübars 24,12469,01.12.2024,01.12.2024,Ev. Kirchengemeinde Lübars,12:00 Uhr - 17:00 Uhr,kirche-luebars@web.de,/,Rufnummer der Küsterei: 030 402 30 14
142,Mitte,Adventsbasar,Thusnelda-Allee 1,10551,01.12.2024,,Marktzeit Ökowochenmärkte und mehr,12:00 Uhr - 18:00 Uhr,marktzeit@posteo.de,/,/
34,Marzahn-Hellersdorf,Adventsmarkt,Alt-Marzahn 23,12685,01.12.2024,01.12.2024,AGRARBÖRSE Deutschland Ost e.V.,11:00 - 18:00,brost@agrar-boerse-ev.de,https://www.agrar-boerse-ev.de/inserat/kulturgut-alt-marzahn/,/
193,Charlottenburg-Wilmersdorf,Kunsthandwerklicher ADVENT am Karl-August-Platz,Karl-August-Platz,10625,01.12.2024,,Family & Friends e. V.,11:00 Uhr bis 18:00 Uhr,stadtkultur@family-and-friends-ev.de,https://www.family-and-friends-ev.de/kunsthandwerklicher-advent-am-1-und-8-dezember-2024,
82,Spandau,Adventsmarkt,Schönwalder Allee 26,13587,01.12.2024,01.12.2024,Evangelisches Johannesstift,"11 Uhr Gottesdienst Danach Markt rund um die Stiftskirche (12-19 Uhr). Posaunenmusik, christliche Weihnachtstraditionen.",kommunikation@evangelisches-johannesstift.de,https://www.evangelisches-johannesstift.de,/
100,Pankow,Adventsökomarkt der Grünen Liga,Wörtherstraße am Kollwitzplatz - zwischen Knaackstraße und Kollwitzstraße,10405,01.12.2024,01.12.2024,GRÜNE LIGA Berlin,12:00 - 19:00 Uhr,oekomarkt.kollwitzplatz@grueneliga-berlin.de,https://www.grueneliga-berlin.de,"Neben dem Adventsökomarkt bleibt der wöchentliche Donnerstag Ökomarkt am Kollwitzplatz bestehen und findet immer von 12.00 bis 19.00 Uhr statt (jeden Donnerstag und an den Adventssonntagen( 1.12., 8.12. 15.12. und 22. 12. 2024)"
91,Tempelhof-Schöneberg,46. Lichtenrader Lichtermarkt,Rund um den Dorfteich an der alten Dorfkirche,12309,01.12.2024,01.12.2024,Bezirksamt Tempelhof-Schöneberg,13:00 - 19:00 Uhr,veranstaltungen-pressestelle@ba-ts.berlin.de,https://www.berlin.de/ba-ts/lichtenrader-lichtermarkt,"Er ist eine feste Größe in den Veranstaltungskalendern im vorweihnachtlichen Berlin: der Lichtenrader Lichtermarkt. Rund 100 Vereine, Initiativen und gemeinnützige Organisationen präsentieren ihre Angebote an einem Stand und läuten die Adventszeit in Tempelhof-Schöneberg mit ein.  Es werden unter anderem verschiedenste Bastel- und Handarbeiten, Keramik, Holzwaren, Imkererzeugnisse, Nostalgisches, kunstgewerbliche Arbeiten und Spielsachen zum Verkauf angeboten. Kulinarische Köstlichkeiten laden an den weihnachtlich geschmückten Ständen in friedvoller Atmosphäre des ehemaligen Dorfkerns zum Verweilen ein. Lassen Sie sich vom Lichterglanz verzaubern und in vorweihnachtliche Stimmung versetzen!  Eintritt frei!  Der Lichtermarkt ist nicht gewinnorientiert. Die Einnahmeüberschüsse werden sozialen Zwecken zugeführt."
112,Tempelhof-Schöneberg,29. Weihnachtsmarkt auf Lehmanns Bauernhof,Alt-Marienfelde 35-37,12277,06.12.2024,08.12.2024,Lehmanns Bauernhof E&E Trade Event UG (haftungsbeschränkt) & Co. KG?,"Freitag: 14:00-20:00 Uhr
Samstag: 12:00-20:00 Uhr
Sonntag: 12:00-20:00 Uhr",karstenemail@gmx.de,https://www.lehmannsbauernhof.de/,"Auf einem denkmalgeschützten Vierseitenhof, direkt gegenüber der Dorfkirche an der romantischen Dorfaue gelegen, findet zum 29. Mal ein familiär geprägter Weihnachtsmarkt statt. Der Fokus liegt auf Kunsthandwerk und außergewöhnlichen Geschenkidee, ergänzt durch weihnachtliche Gaumengenüsse.  Ein Bühnenprogramm, eine Märchenerzählerin sowie Ponyreiten und die Tiere des Hofes runden das Erlebnis bei freiem Eintritt ab."
19,Brandenburg,Weihnachtsmarkt Storkow,"Marktplatz Storkow - Am Markt 10, Storkow (Mark)",15859,06.12.2024,08.12.2024,Hauptstadt Kultur,14:00 - 20:00 Uhr,Info@juettner-entertainment.de,https://www.haupstadtkultur.berlin,"Freier Eintritt, Kinderkarussell, Food und Glühweinstände, Handel und Kunsthandwerk u.v.m."
73,Steglitz-Zehlendorf,Adventsmarkt auf der Domäne Dahlem,Königin-Luise-Str. 49,14195,07.12.2024,08.12.2024,Domäne Dahlem Veranstaltungsgesellschaft mbH,11:00 – 20:00 Uhr,marketing@domaene-dahlem.de,https://www.domaene-dahlem.de,"Direkt am U-Bahnhof Dahlem Dorf. Im besonderen Ambiente des historischen Gutshofes erwarten Sie erlesenes Kunsthandwerk und besondere Geschenkideen, Bastelangebote für Kinder und saisonale Leckereien. Eintrittspreise: regulär 3,50 €, ermäßigt 2,00 €, Kinder bis 12 Jahren frei"
127,Reinickendorf,Kunsthandwerklicher Weihnachtsmarkt Frohnau,Wiltinger Straße 1-16 und Zeltinger Platz,13465,07.12.2024,08.12.2024,KUNSTHAND-BERLIN Cornelja Hasler,11:00 - 18:00 Uhr,info@kunsthand-berlin.de,https://kunsthand-berlin.de/,"Nur handgefertigte Objekte aus kleinen Ateliers und Werkstätten, keine Importware!"
88,Brandenburg,Neuzeller Märchenweihnachtsmarkt,"Frankfurter Straße, Brauhausplatz, Stiftsplatz (Neuzelle)",15898,07.12.2024,08.12.2024,Amt Neuzelle,"Samstag 12.00 - 20.00 Uhr
Sonntag 11.00 - 18.00 Uhr",tourismus@neuzelle.de,https://www.tourismus.neuzelle.de,"Das Amt Neuzelle mit seinen 3 Gemeinden Lawitz, Neißemünde und Neuzelle lädt Sie herzlich ein, den Neuzeller Märchenweihnachtsmarkt im und am Kloster Neuzelle zu besuchen. Am 2. Adventswochenende ist es wieder soweit, der Neuzeller Märchenweihnachtsmarkt öffnet seine Pforten. Der Platz am und im Kloster verwandelt sich in eine große Märchenbühne. Lassen Sie sich verzaubern von der wunderschönen Adventsstimmung und genießen Sie die unverwechselbare vorweihnachtliche Atmosphäre am Kloster Neuzelle. 
 Seit einigen Jahren zählt der Neuzeller Märchenweihnachtsmarkt zu einem der Schönsten der Region. Gäste aus nah und fern lassen sich in den Bann des Adventszaubers ziehen. In Neuzelle können Sie an beiden Tagen in die Welt der Märchen eintauchen. Im Märchenwald können bekannte und weniger bekannte Märchen bestaunt werden – ein Spaß für Kinder und Erwachsene. Manchmal flitzen auch lebende und rätselhafte Märchenfiguren über den Platz und geben dem Neuzeller Märchenweihnachtsmarkt ein ganz besonderes Flair. 
 Kulinarisch können Sie sich an beiden Tagen verwöhnen lassen. Für den großen und kleinen Hunger gibt es ein breites Angebot köstlicher Spezialitäten – von süßen Leckereien bis zu deftig Herzhaftem, für jeden Geschmack ist etwas dabei. Umgeben von einem stimmungsvollen Ambiente können Sie schlemmen und genießen. 
 Wer noch ein passendes Weihnachtsgeschenk sucht, ist auf dem Neuzeller Märchenweihnachtsmarkt genau richtig. Zahlreiche Handwerker, Hobbykünstler, Vereine und Händler bieten an beiden Tagen ein breitgefächertes Warenangebot zum Verkauf an.
 Für die kleinen Gäste ist es sicherlich ein tolles Erlebnis mit der Ponykutsche zu fahren, mit dem Karussell durch die Lüfte zu schwingen oder am Lagerfeuer Stockkuchen zu backen. Ein ganz besonderer Höhepunkt wird es sein, wenn in den Nachmittagsstunden der Neuzeller Spielmannszug musikalisch einzieht und den Weihnachtsmann mitbringt. 
 Besonders romantisch ist es in den Abendstunden, wenn der Neuzeller Klosterteich und das Kloster stimmungsvoll im Lichtermeer erstrahlen und weihnachtliche Musik erklingt. 
 Erleben Sie zwei märchenhafte Tage in der Adventszeit und genießen Sie mit der Familie, Freunden oder Bekannten schöne Stunden auf dem Neuzeller Märchenweihnachtsmarkt."
148,Charlottenburg-Wilmersdorf,Weihnachtsmarkt in der Linde,Homburger Str. 48 / Johannisbeger Str. 15A,14197,07.12.2024,,Ev. Lindenkirchengemeinde,12:00 Uhr - 18.00 Uhr,buero@lindenkirche.de,/,"Wir laden ganz herzlich zu unserem jährlichen Weihnachtsmarkt in der Lindenkirchengemeinde ein.
 Wir bieten an: zahlreiche Kunsthandwerkstände, Bücher & Trödel, Kinder-Karussell, Kaffee & Kuchen, Bratwurst, Punsch, Zuckerwatte u.v.m.
 Zudem gibt es ein musikalisches Angebot in der Kirche und unsere Kita veranstaltet ein Tag der offenen Tür."
166,Charlottenburg-Wilmersdorf,St George's Very Green Christmas Fair,Preussenallee 17-19,14052,07.12.2024,,Anglikanische Kirche e. V. in Berlin St. Georges,14:00 uhr bis 18:00 Uhr,berlin.anglican@gmx.de,/,
169,Charlottenburg-Wilmersdorf,Kunsthandwerklicher Weihnachtsmarkt vor dem Bröhan-Museum,Schloßstr. 1 A,14059,07.12.2024,08.12.2024,KiezKulturWerkstadt e.V.,14:00 Uhr bis 20:00 Uhr,kontakt@kiezkulturwerkstadt.de,/,Kunsthandwerk überwiegend aus dem Kiez am Klausenerplatz
199,Marzahn-Hellersdorf,26. Alt-Kaulsdorfer Weihnachtsmarkt,Dorfstraße 37,12621,07.12.2024,07.12.2024,Heimatverein Marzahn-Hellersdorf e. V.,13:00 Uhr bis 20:00 Uhr,organisation@kaulsdorfer-weihnachtsmarkt.de,https://www.kaulsdorfer-weihnachtsmarkt.de,
208,Treptow-Köpenick,Oberschöner Weihnachtsmarkt (indoor) für Kunst- und Kreativhandwerk mit buntes Bühnenprogramm,"MaHalla Berlin, Wilhelminenhofstr. 76, Tor 1A",12459,07.12.2024,08.12.2024,Schöne Vibes Kollektiv e.V.,Samstag: 12:00 Uhr bis 20:00 Uhr Sonntag: 12:00 bis 18:00 Uhr,veranstaltungen@schoenevibes.de,https://www.schoenevibes.de/oberschoener-weihnachtsmarkt-2024,"OBERSCHÖNER WEIHNACHTSMARKT: Für Kunst- und Kreativhandwerk, indoor, mit vielfältiges Kulturprogramm. Eintritt frei, Spenden willkommen. Am 7. und 8. Dezember 2023 öffnen die Türen zum großen Oberschönen Weihnachtsmarkt. Der wohl schönste indoor Weihnachtsmarkt Berlins findet wieder in der spektakuläre MaHalla (ehemies, historisches Industriegelände) statt. An über 50 Ständen gibt es handgefertigte Unikate zu ergattern – von Kleidung, über Schmuck, Keramik und Illustrationskunst bis hin zu heimgezüchteten Pflanzen, Fotos und Bildkunst. Ist nun die schönste Illustration ausgewählt und im neu erworbenen Kiezbeutel verstaut, ist es wohl an der Zeit, sich den Wanst voll zu schlagen. Für das leibliche Wohl sorgen Gastronomen aus dem Schöneweider Kiez. „Es ist uns eine Freude, die Idee eines großen Weihnachtsmarktes in Schöneweide dieses Jahr wieder aufzugreifen. Dabei werden wir an den Erfolge der vergangen Jahre anknüpfen. Wir sind selber Künstler:innen, Handwerker:innen, Musiker:innen und Kulturveranstalter:innen – und möchten uns vernetzen, unsere Liebe zu unserer Arbeit teilen und allen die Möglichkeit bieten, Zugang zu Kunst und Kultur zu haben. Viele der ausstellenden Kunsthandwerker:innen und darbietenden Künstler:innen sind das erste Mal dabei, manche begleiten uns schon seit der ersten Veranstaltung. Gemeinsam freuen wir uns auf ein buntes Publikum und viele neue Gesichter beim OBERSCHÖENEN WEIHNACHTSMARKT“ , so Cielo Faccio und Sofie Müller vom SchöneVibes Kollektiv e.V.. Ein buntes Kulturprogramm: Dieses Jahr organisiert wieder das SchöneVibes Kollektiv e.V. dieses im Kiez sehr beliebte Event. Sie gestalten neben dem Kunsthandwerksmarkt ein vielfältiges Kulturprogramm: es treten auf der finnische Bluesman Pan Salmenhaara, der brasilianische Gitarrist Carlos de Souza, Zenobia Theater, das Chor „Sing! Sing!“, Entourage Berlin mit einer Feuershow, Anaelle Molinario mit Artistik und Comedy, und die Bigband „Just Mad“. Dazu noch den alt-berliner Leierkastenmann Horst Bölsdorf, Märchenstunde mit Violeta Rivera und leuchtende Walk Acts von Poemas de Luz. Der Eintritt ist frei, die Künstler:innen freuen sich auf Ihre Hutspenden! Organisiert und begleitet wird der Oberschöner Weihnachtsmarkt vom SchöneVibes Kollektiv e.V., einer gemeinnützigen Nachbarschaftsinitiative aus Schöneweide, welche sich für eine Vernetzung der Menschen aus dem Kiez und die Förderung von Umweltbewusstsein, Bildung und Sozialem sowie der Kulturvermittlung einsetzt. Der Verein wird im Rahmen des Pilotprojektes „Oberschöneweide – Tradition und Moderne verbinden“ im Programm FEIN – Freiwilliges Engagement In Nachbarschaften mit Mitteln der Senatsverwaltung für Stadtentwicklung, Bauen und Wohnen von der Sozialraumorientierten Planungskoordination (OE SPK) des Bezirksamtes Treptow-Köpenick gefördert."
220,Steglitz-Zehlendorf,Sozialer Familienweihnachtsmarkt am Insulaner,Bergstr. 51,12169,07.12.2024,,VCP BBB e. V.,15:00 Uhr bis 20:00 Uhr,weihnachtsmarkt@vcp-bbb.de,https://abenteueroase.vcp-bbb.de/weihnachtsmarkt-2024,"Pfadfinder*innen laden zum sozialen Familienweihnachtsmarkt: • Am Samstag, dem 7. Dezember findet auf der „Abenteueroase“ am Insulaner zwischen 15 und 20 Uhr ein Familienweihnachtsmarkt statt. • Die über 20 Stände werden von Pfadfinder*innengruppen, Vereinen, sowie Kinder- und Jugendeinrichtungen betrieben.• Alle Angebote werden auf Spendenbasis angeboten und die Einnahmen fließen in die jeweiligen Projekte.• Der Eintritt ist kostenlos und die Preise an den Ständen sind niedrig. Die Einnahmen fließen an soziale Organisationen.
 Unter dem Motto „Offen für alle“ veranstaltet der Verband Christlicher Pfadfinder*innen (VCP) Berlin-Brandenburg e.V. dieses Jahr zum dritten Mal einen sozialen und familienorientierten Weihnachtsmarkt auf dem Gelände der „Abenteueroase“ (Bergstraße 51, Berlin-Steglitz). Wo sonst offene Kinder- &amp; Jugendarbeit stattfindet, stehen am Samstag, dem 7. Dezember von 15 bis 20 Uhr Ehrenamtliche verschiedener gemeinnütziger Organisationen hinter über 20 liebevoll dekorierten Ständen und sorgen für wohlige Weihnachtsatmosphäre. Neben alkohol- und fleischfreien Weihnachtsleckereien gibt es auch Kunsthandwerk sowie viele Mitmachangebote für Groß und Klein.  Der Eintritt ist frei und die Preise sind bewusst niedrig, damit der Weihnachtsmarkt für alle erschwinglich bleibt. Wer mehr geben kann und möchte, ist herzlich eingeladen, die Arbeit der Organisationen so noch etwas weiter zu unterstützen.
 Die „Abenteueroase“, ein weiträumiges, umzäuntes Außengelände, bietet einen geschützten Rahmen, der es den Eltern erlaubt, entspannt am Lagerfeuer zu verweilen, während ihre Kinder die verschiedenen Angebote wahrnehmen und spielen.
 Im letzten Jahr genossen rund 300 Besucher*innen die Atmosphäre und gaben durchweg positives Feedback. „Ganz nebenbei“ ging aus dem letzten Markt eine neue Ortsgruppe der Pfadfinder*innen hervor, die inzwischen dreimal wöchentlich Gruppenstunden auf dem Gelände anbietet. Die teilnehmenden Organisationen freuen sich schon darauf, auch Sie und Ihre Familie in diesem Jahr auf dem Weihnachtsmarkt begrüßen zu dürfen!"
175,Treptow-Köpenick,Berliner Wintertraum,Schnellerstraße 145,12439,08.11.2024,29.12.2024,Schaffeld & Spindler GbR,Vorraussichtlich Mo - Sa 14 - 22 Uhr So & Feiertage 12-22 Uhr,anfragen@berliner-wintertraum.de,https://www.berliner-wintertraum.de,"Der neue Weihnachtsmarkt in Berlin - mit den ganz großen Karussells!  Zum ersten Mal findet der Berliner Wintertraum statt und begeistert die Besucher direkt mit aufregenden Attraktionen wie die Riesenschaukel Delirium, der 40 Meter hohe Kettenflieger und der fabrikneue 85 Meter hohe Free-Fall-Tower Mission Impossible.  Darüber hinaus gibt es Glühweingärten und viele köstliche Essenstände. 
 Weitere Informationen folgen."
64,Steglitz-Zehlendorf,Kunsthandwerklicher Weihnachtsmarkt Mexikoplatz,Mexikoplatz und Bülowstraße 1-8,14163,08.12.2024,08.12.2024,KUNSTHAND-BERLIN Cornelja Hasler,11:00 - 18:00 Uhr,info@kunsthand-berlin.de,https://kunsthand-berlin.de/,"Es werden nur handgefertigte Objekte kleiner Ateliers und Werkstätten gezeigt, die Kunsthandwerker sind vor Ort.
Keine Handels-/Importware! Kein Rahmenprogramm."
28,Brandenburg,Adventsmarkt Hermannswerder,"Hermannswerder 22, Potsdam",14473,08.12.2024,08.12.2024,Hoffbauer-Stiftung,14:00 - 18:00 Uhr,ukom@hoffbauer-stiftung.de,https://www.hoffbauer-stiftung.de/veranstaltungen/event/adventsmarkt-hermannswerder-2024/,"Im romantischen Lichterschein öffnen sich am 8. Dezember bunte Marktstände. Der vor allem bei Familien beliebte Adventsmarkt lebt von seiner romantischen Stimmung und unterscheidet sich durch die liebevoll bestückten Stände von kommerziellen Märkten. Selbstgebackene Plätzchen und Stollen, internationale Weihnachtsspezialitäten, kreativer Schmuck, Feines und Herzhaftes zum Essen und Trinken, Kunsthandwerk und Geschenkideen bieten die Einrichtungen der Hoffbauer-Stiftung, Kunsthandwerker und soziale Einrichtungen an.  Um 14.00 Uhr musikalischer Gottesdienst, um 16.00 Uhr gemeinsames Singen am Feuer und um 18.00 Uhr Konzert des Evangelischen Gymnasiums Hermannswerder in der Inselkirche."
196,Charlottenburg-Wilmersdorf,Kunsthandwerklicher ADVENT in der Leonhardtstrasse,Leonhardtstraße,14057,08.12.2024,,Family & Friends e. V.,11:00 Uhr bis 18:00 Uhr,stadtkultur@family-and-friends-ev.de,https://www.family-and-friends-ev.de/8-dezember-kunsthandwerklicher-advent-in-der-leonhardtstrasse,
103,Pankow,Adventsökomarkt der Grünen Liga,Wörtherstraße am Kollwitzplatz - zwischen Knaackstraße und Kollwitzstraße,10405,08.12.2024,08.12.2024,GRÜNE LIGA Berlin,12:00 - 19:00 Uhr,oekomarkt.kollwitzplatz@grueneliga-berlin.de,https://www.grueneliga-berlin.de,"Neben dem Adventsökomarkt bleibt der wöchentliche Donnerstag Ökomarkt am Kollwitzplatz bestehen und findet immer von 12.00 bis 19.00 Uhr statt (jeden Donnerstag und an den Adventssonntagen( 1.12., 8.12. 15.12. und 22. 12. 2024)"
205,Mitte,Weihnachtsmarkt im Paul Gerhardt Stift zu Berlin,Müllerstraße 56-58,13349,08.12.2024,08.12.2024,Paul Gerhardt Stift zu Berlin,14:00 Uhr bis 18:00 Uhr,elisabeth.liebing@paulgerhardtstift.de,https://www.paulgerhardtstift.de,Herzliche Einladung
217,Tempelhof-Schöneberg,Weihnachten am THF - Wintermarkt,Alte Feuerwache im THF Tower Tempelhofer Damm 45,12101,12.12.2024,15.12.2024,Tempelhof Projekt GmbH,29.11. bis 24.12.2024 täglich 10:00 bis 19:00 Uhr: Weihnachtsbaumverkauf am THF Tower; 12.12.2024 16:00 bis 21:00 Uhr Food Markt am THF TOWER; 13.12.2024 16:00 bis 21:00 Uhr Food Markt und Wintermarkt am THF TOWER; 14.12 und 15.12.2024 12:00 bis 21:00 Uhr Food Markt und Wintermarkt am THF TOWER; 15.12.2024 16:30 bis 18:00 Uhr Gorßes Weihnachtssingen in der Haupthalle,natalie.rapp@thf-berlin.de,https://www.thf-berlin.de/aktuelles/veranstaltungen/veranstaltung/weihnachten-am-thf-wintermarkt,"Anfahrt: U6, Paradestraße (3 Min zu Fuß), U6, Platz der Luftbrücke (10 Min. zu Fuß), S+U Bahnhof Tempelhof (8 Minuten zu Fuß). Die Alte Feuerwache ist im Erdgeschoss des THF TOWERs. Der Eingang befindet sich auf der rechten Seite des Gebäudes. Im Dezember lädt der Flughafen Tempelhof zu einem vielfältigen Weihnachtsprogramm rund um den THF TOWER ein. Los geht es bereits am 29. November mit einem großen Weihnachtsbaumverkauf direkt vor dem Tower, der bis zum 24. Dezember geöffnet hat. Höhepunkt ist dann das 3. Advents-Wochenende vom 12. bis 15. Dezember: In stimmungsvoller Illumination können Besucher:innen auf dem Food Markt vor dem THF TOWER verschiedene Köstlichkeiten probieren. Auf den Teller kommen alle traditionellen Weihnachtsgerichte wie Maronen, Bratwurst, Quarkkeulchen, Glühwein und Punsch, aber auch Pizza, Falafel oder Churros. Die Alte Feuerwache öffnet zudem erstmals ihre Türen für die Öffentlichkeit zu einem gemütlichen Wintermarkt, der mit besonderen Designobjekten, Kunsthandwerk und Geschenkideen zum Stöbern und Shoppen einlädt. Ergänzt wird der Markt durch unterschiedliche Mitmachangebote für die ganze Familie in der 6. Etage des THF TOWER. Spektakulär wird dann das große Weihnachtssingen am 15. Dezember von 16:30 bis 18:00 Uhr in der Haupthalle des Flughafens: Hier sind alle Berliner:innen und Gäste aufgefordert, kräftig mitzusingen und eine magische Atmosphäre in der einzigartigen Kulisse dieses historischen Ortes zu erschaffen. Alle Besuchenden werden verzaubert sein und können sich wunderbar auf die besinnlichste Zeit des Jahres einstimmen. Der Eintritt zu allen Angeboten und zum THF TOWER ist frei."
4,Treptow-Köpenick,Weihnachtsmarkt Altstadt Köpenick - Schlossinsel und Schlossplatz,Schloss Köpenick / Grünstraße 4,12557 / 12555,13.12.2024,15.12.2024,Altstadt-Köpenick e.V.,"13.12.2024 14:00 – 22:00 Uhr
14.12.2024 12:00 – 22:00 Uhr
15.12.2024 12:00 – 20:00 Uhr",ch.laubinger@laubinger.de,https://www.laubinger.de,/
115,Tempelhof-Schöneberg,29. Weihnachtsmarkt auf Lehmanns Bauernhof,Alt-Marienfelde 35-37,12277,13.12.2024,15.12.2024,Lehmanns Bauernhof E&E Trade Event UG (haftungsbeschränkt) & Co. KG?,"Freitag: 14:00-20:00 Uhr
Samstag: 12:00-20:00 Uhr
Sonntag: 12:00-20:00 Uhr",karstenemail@gmx.de,https://www.lehmannsbauernhof.de/,"Auf einem denkmalgeschützten Vierseitenhof, direkt gegenüber der Dorfkirche an der romantischen Dorfaue gelegen, findet zum 29. Mal ein familiär geprägter Weihnachtsmarkt statt. Der Fokus liegt auf Kunsthandwerk und außergewöhnlichen Geschenkideen,ergänzt durch weihnachtliche Gaumengenüsse.  Ein Bühnenprogramm, eine Märchenerzählerin sowie Ponyreiten und die Tiere des Hofes runden das Erlebnis bei freiem Eintritt ab."
22,Tempelhof-Schöneberg,Weihnachtsmarkt Friedenau,Schmiljanstraße zwischen Kaisereiche und Friedrich-Wilhelm-Platz,12161,13.12.2024,15.12.2024,Jüttner Entertainment,"Fr. 14:00 - 22:00 Uhr
Sa. 12:00 - 22:00 Uhr
So. 12:00 - 20:00 Uhr",Info@juettner-entertainment.de,https://www.haupstadtkultur.berlin,
46,Brandenburg,Weihnachtsmarkt Königs Wusterhausen,"Kirchplatz, Königs Wusterhausen",15711,13.12.2024,15.12.2024,Hauptstadt Kultur,14:00 - 22:00 Uhr,info@juettner-entertainment.de,https://www.hauptstadtkultur.berlin,"Freier Eintritt, Food und Glühweinstände, Handel und Kunsthandwerk u.v.m."
154,Friedrichshain-Kreuzberg,Historische Weihnacht - Friedrichshain,Revaler Straße 99 Eingang Höhe Dirschauer Straße,10245,14.11.2024,22.12.2024,Carnica-Veranstaltungen GmbH,Montag bis Donnerstag: 15:00 Uhr bis 22:00 Uhr Freitag 15:00 Uhr bis 23:00 Uhr Samstag 12:00 Uhr bis 23:00 Uhr Sonntag 12:00 Uhr bis 22:00 Uhr Am 24.11. (Totensonntag) bleibt der Weihnachtsmarkt geschlossen.,tickets@carnica.de,/,"Die ""Historische Weihnacht"" ist der beliebteste Weihnachtsmarkt in Friedrichshain/Kreuzberg!"
85,Steglitz-Zehlendorf,Weihnacht to go im Kranoldkiez,Kranoldplatz und Umgebung,12209,14.12.2024,14.12.2024,Standortgemeinschaft Mein LiLa - Lichterfelde/Lankwitz e.V.,14:00 - 19:00 Uhr,togo@meinlila.de,https://www.meinlila.de,"Weihnacht &quot;to go&quot; im Kranoldkiez
 Auch in diesem Jahr wird es wieder einen weihnachtlichen Spaziergang durch den Kranoldkiez in Lichterfelde-Ost geben, der von der Standortgemeinschaft „Mein LiLa“ – Lichterfelde/Lankwitz e.V. mit freundlicher Unterstützung der Wirtschaftsförderung Steglitz/Zehlendorf organisiert wird. Mit der Idee, die idyllische Rückseite des Bahnhofes Lichterfelde-Ost mit dem Oberhofer Weg und der Petruskirche zu verbinden, möchte man die Besucher einladen bei einem entspannten Bummel, die beschauliche Atmosphäre im Kiez zu genießen. Kunsthandwerker, Händler, Bastler oder Anbieter kulinarischer Köstlichkeiten werden an festlich geschmückten Marktständen bzw. Verkaufswagen ihre Waren anbieten und viele Geschäfte auf der Route werden bis 19 Uhr geöffnet sein. Ein Bläserchor vor dem Augenoptiker Blickfang um 16 Uhr ist schon eine liebgewonnene Tradition geworden ebenso wie der Gitarrenspieler im Vorgarten der Lebensmittelmanufaktur Kebe sowie die weihnachtliche Blasmusik vor der Galerie Creative Game in der Jägerstraße. Vielleicht finden sich ja auch noch spontan einige junge MusikerInnen, die für eine Hut-Gage etwas zur weihnachtlichen Stimmung beitragen wollen. Für aktualisierte Informationen besuchen sie bitte die Website des Veranstalters: www.meinlila.de"
223,Mitte,Romantischer Weihnachtsmarkt,Dohnagestell 10,13351,14.12.2024,14.12.2024,Lebenshilfe gGmbH,13:00 Uhr bis 18:00 Uhr,hausderlebenshilfe@lebenshilfe-berlin.de,https://www.lebenshilfe-berlin.de,"Romantischer Weihnachtsmarkt: Es ist ein besonderer Samstag in der Adventszeit. Im Haus der Lebenshilfe und draußen im Garten. Für Groß und Klein im Weddinger Kiez. An 24 Marktständen gibt es: Schöne Geschenkideen mit Liebe gemacht. Selbstgebasteltes und Selbstgemachtes. Kunsthandwerk und vieles mehr. Heiße Waffeln, Crêpes und Kuchen. Kinderpunsch, Kakao und Glühwein. Bratwurst vom Grill und andere Leckereien. Mit Musik vom Leierkastenmann und Besuch vom Weihnachtsmann. Ab 16 Uhr tritt der Chor der Nogat-Singers auf."
211,Steglitz-Zehlendorf,WEINachtsmarkt am Ludwig-Beck-Platz,Ludwig-Beck-Platz,12203,14.12.2024,15.12.2024,Family & Friends e. V.,12:00 Uhr bis 20:00 Uhr,stadtkultur@family-and-friends-ev.de,https://www.family-and-friends-ev.de/erster-wein-nachtsmarkt-am-ludwig-beck-platz,
37,Neukölln,Weihnachtsmarkt auf der Dicken Linda,Kranoldplatz,12051,14.12.2024,14.12.2024,diemarktplaner Nikolaus FInk,10:00 - 18:00,info@diemarktplaner.de,https://www.diemarktplaner.de,/
163,Brandenburg,WaldWeihnacht 2024 nur als Lichterspaziergang durch den Forstbotanischen Garten,"Schwappachweg 14a, Eberswalde",16225,14.12.2024,22.12.2024,Forstbotanischer Garten Eberswalde und Stiftung WaldWelten,täglich 16:00 Uhr bis 19:00 Uhr,info@waldwelten.de,/,"Die WaldWeihnacht 2024 Eberswalde wird anders als in den Vorjahren nicht mit einem Programm am 3. Adventswochenende durchgeführt. Es wird nur die Möglichkeit eines Lichterspaziergangs durch den romatisch beleuchteten WaldWeihnachtswald  täglich von 16 - 19 Uhr in der Zeit vom 14.-22.12.2024 geben. Der Eintritt ist frei, um eine Spende wird gebeten."
52,Steglitz-Zehlendorf,Wein-Nachtsmarkt am Ludwig-Beck-Platz,Ludwig-Beck-Platz,12203,14.12.2024,15.12.2024,Family & Friends e. V.,12:00 - 21:00 Uhr,stadtkultur@family-and-friends-ev.de,https://www.family-and-friends-ev.de/,/
76,Steglitz-Zehlendorf,Adventsmarkt auf der Domäne Dahlem,Königin-Luise-Str. 49,14195,14.12.2024,15.12.2024,Domäne Dahlem Veranstaltungsgesellschaft mbH,11:00 – 20:00 Uhr,marketing@domaene-dahlem.de,https://www.domaene-dahlem.de,"Direkt am U-Bahnhof Dahlem Dorf. Im besonderen Ambiente des historischen Gutshofes erwarten Sie erlesenes Kunsthandwerk und besondere Geschenkideen, Bastelangebote für Kinder und saisonale Leckereien. Eintrittspreise: regulär 3,50 €, ermäßigt 2,00 €, Kinder bis 12 Jahren frei"
106,Pankow,Adventsökomarkt der Grünen Liga,Wörtherstraße am Kollwitzplatz - zwischen Knaackstraße und Kollwitzstraße,10405,15.12.2024,15.12.2024,GRÜNE LIGA Berlin,12:00 - 19:00 Uhr,oekomarkt.kollwitzplatz@grueneliga-berlin.de,https://www.grueneliga-berlin.de,"Neben dem Adventsökomarkt bleibt der wöchentliche Donnerstag Ökomarkt am Kollwitzplatz bestehen und findet immer von 12.00 bis 19.00 Uhr statt (jeden Donnerstag und an den Adventssonntagen( 1.12., 8.12. 15.12. und 22. 12. 2024)"
178,Steglitz-Zehlendorf,Das Weihnachtshaus,Schädestr. 9-13,14165,15.12.2024,15.12.2024,"Villa Donnersmarck - Inklusiver Treffpunkt für Freizeit, Bildung, Beratung der Fürst Donnersmarck-Stiftung",15:00 Uhr bis 18:00 Uhr,info@villadonnersmarck.de,/,"Am 3. Advent wird die Villa traditionell „Das Weihnachtshaus“. Finden Sie ausgefallene Geschenke an sozialen, bunten Ständen, verzieren Sie mit Ihren Kindern das eigene Hexenhaus oder genießen Sie das besinnliche Kulturprogramm, Stockbrot backen am Lagerfeuer und vieles mehr. Der barrierefreie Adventssonntag für die ganze Familie. Eintritt frei."
136,Friedrichshain-Kreuzberg,Weihnachten an der Spree,Stralauer Allee 2,10245,18.11.2024,30.12.2024,Spreespeicher Event GmbH,17:00 Uhr bis 22:00 Uhr,support@weihnachten-an-der-spree.de,https://www.weihnachten-an-der-spree.de/,/
160,Friedrichshain-Kreuzberg,Heissa Holzmarkt,Holzmarktstraße 25,10243,21.11.2024,22.12.2024,Holzmarkt 25,"Mittwoch, Donnerstag und Freitag: 16:00 Uhr bis 22:00 Uhr. Samstag, Sonntag: 14:00 Uhr bis 22:00 Uhr",marktleitung@holzmarkt.com,/,"Der Heissa Ho lzmarkt an der Holzmarktstraße findet seit 2017 statt. Im Mittelpunkt steht ein kunterbuntes Winter-Erlebnis, Leckereien aus aller Welt und ein diverses und buntes Kulturprogramm für klein und groß.
 Das alternative Kreativ-Projekt am Spreeufer verwandelt sich zum Jahresende in ein buntes Künstlerdorf, das als Weihnachtsmarkt nachhaltig und fair zum Verweilen einlädt. Hier erwartet die Gäste eine Mischung aus Kulinarik, Kunsthandwerk und familienfreundlicher Unterhaltung.
 Vielfältige Angebote und kulinarische Genüsse An den Verkaufsständen finden Besucher*Innen handgemachte Seifen, edlen Honig, Designschmuck, Keramikwaren und vieles mehr. Auch kulinarisch wird besonderes geboten: Von Fondue bis Spinatknödel über Käsespätzle bis hin zu Ramen ist für jeden Geschmack etwas dabei. Wer es süß mag, kann frisch gebackene Leckereien genießen, der Glühwein oder Punsch darf dabei nicht fehlen.
 Kinderprogramm Der Heissa Holzmarkt bietet auch ein umfangreiches Programm für Kinder. Kuschelige Orte zum Aufwärmen, ein Mitmachzirkus, ein Retro-Karussell und ein Plätzchenbackworkshop sorgen für Spaß und kreative Entfaltung. Märchenerzähler und Theatervorführungen runden das Angebot ab und garantieren, dass auch die kleinen Besucher*Innen einen unvergesslichen Tag erleben."
79,Steglitz-Zehlendorf,Adventsmarkt auf der Domäne Dahlem,Königin-Luise-Str. 49,14195,21.12.2024,22.12.2024,Domäne Dahlem Veranstaltungsgesellschaft mbH,11:00 – 20:00 Uhr,marketing@domaene-dahlem.de,https://www.domaene-dahlem.de,"Direkt am U-Bahnhof Dahlem Dorf. Im besonderen Ambiente des historischen Gutshofes erwarten Sie erlesenes Kunsthandwerk und besondere Geschenkideen, Bastelangebote für Kinder und saisonale Leckereien. Eintrittspreise: regulär 3,50 €, ermäßigt 2,00 €, Kinder bis 12 Jahren frei"
55,Charlottenburg-Wilmersdorf,Weihnachten in Westend,Preußenallee,14052,21.12.2024,22.12.2024,Family & Friends e. V.,12:00 - 21:00 Uhr,stadtkultur@family-and-friends-ev.de,https://www.family-and-friends-ev.de/,/
49,Treptow-Köpenick,Weihnachtsmarkt „An der Bölschestraße“,Auf dem Marktplatz Friedrichshagen,12587,21.12.2024,22.12.2024,Hauptstadt Kultur,12:00 - 22:00 Uhr,info@juettner-entertainment.de,https://www.hauptstadtkultur.berlin,"Kleiner Weihnachtsmarkt mit Glühweintreff - Leckereien - Kinderfahrgeschäft
Eintritt frei!"
25,Neukölln,Rudower Weihnachtsmeile,Alt-Rudow,12357,21.12.2024,22.12.2024,Hauptstadt Kultur,12:00 - 21:00 Uhr,Info@juettner-entertainment.de,https://www.haupstadtkultur.berlin,"Freier Eintritt, Kinderkarussell, Food und Glühweinstände, Handel und Kunsthandwerk u.v.m."
109,Pankow,Adventsökomarkt der Grünen Liga,Wörtherstraße am Kollwitzplatz - zwischen Knaackstraße und Kollwitzstraße,10405,22.12.2024,22.12.2024,GRÜNE LIGA Berlin,12:00 - 19:00 Uhr,oekomarkt.kollwitzplatz@grueneliga-berlin.de,https://www.grueneliga-berlin.de,"Neben dem Adventsökomarkt bleibt der wöchentliche Donnerstag Ökomarkt am Kollwitzplatz bestehen und findet immer von 12.00 bis 19.00 Uhr statt (jeden Donnerstag und an den Adventssonntagen( 1.12., 8.12. 15.12. und 22. 12. 2024)"
67,Pankow,Lucia Weihnachtsmarkt in der Kulturbrauerei 2024,Schönhauser Allee 36,10435,25.11.2024,22.12.2024,Ketering GmbH,"Mo-Fr 15:00 - 22:00 Uhr
Sa-So 13:00 - 22:00 Uhr",info@ketering.de,https://www.lucia-weihnachtsmarkt.de/,Der Eintritt ist frei.
1,Mitte,17. Berliner Weihnachtszeit vor dem Roten Rathaus - Berlin Mitte,"Berlin Mitte – Platz vor dem Roten Rathaus 
Spandauer Straße Ecke Rathaus Straße, 10178 Berlin",10178,25.11.2024,30.12.2024,Laubinger Event GmbH,Montag bis Freitag 12:00 Uhr – 22:00 Uhr Samstag und Sonntag 11:00 Uhr – 22:00 Uhr Heiligabend geschlossen Ausnahmeregelung: 25.12.2024 12:00 Uhr – 21:00 Uhr 26.12.2024 12:00 Uhr – 21:00 Uhr 30.12.2024 12:00 Uhr – 20:00 Uhr,info@laubinger.de,https://www.berliner-weihnachtszeit.de,"Eislaufbahn um den Neptunbrunnen
Eislaufzeiten: täglich – (ab Marktbeginn)
Laufzeit 12:00 Uhr (Sa u. So ab 11.15 Uhr) – 13:30 Uhr
Laufzeit 14:00 Uhr – 15:30 Uhr
Laufzeit 16:00 Uhr – 17:30 Uhr
Laufzeit 18:00 Uhr – 19:30 Uhr
Laufzeit 20:00 Uhr – 21:30 Uhr
Preis für eine Laufzeit Eislaufen 5,00 €
1 Paar Schlittschuhe für eine Laufzeit 3,00 €
Laufhilfe (Pinguin, Bär) eine Laufzeit 5,00 € zzgl. Kaution
 Weihnachtsmann auf dem Hochseil täglich 16.30 Uhr, 18.30 Uhr und 20.30 Uhr"
10,Tempelhof-Schöneberg,Weihnachtsmarkt Tempelhofer Hafen,Tempelhofer Damm 227,12099,25.11.2024,30.12.2024,Hauptstadt Kultur,11:00 - 21:00 Uhr,Info@juettner-entertainment.de,https://www.haupstadtkultur.berlin,"Eintritt Frei, Kinderkarussell, Food und Glühweinstände, Handel und Kunsthandwerk uvm."
13,Reinickendorf,Weihnachtsmarkt Hallen am Borsigturm,Am Borsigturm 2,13507,25.11.2024,30.12.2024,Hauptstadt Kultur,11:00 - 21:00 Uhr,Info@juettner-entertainment.de,https://www.haupstadtkultur.berlin,"Eintritt frei!
Mit Glühweintreff - Live Musik - Leckereien"
184,Tempelhof-Schöneberg,Weihnachtsmarkt Berlin by der Weinlobbyist,Kolonnenstr. 62,10827,25.11.2024,31.12.2024,"Weihnachtsmarkt Berlin ""der Weinlobbyist""",17:00 Uhr bis 22:00 Uhr,kontakt@weinlobbyist.de,https://www.derweinlobbyist.de/weihnachtsmarkt-berlin,"Findet auf dem Innenhof der Weinbar ""der Weinlobbyist"" statt. 10 hochwertige Winzerglühweine und kreative Speisen. Geeignet für Gruppen und exklusive Veranstaltungen."
40,Marzahn-Hellersdorf,Weihnachtsmarkt Helle/Mitte,Alice-Salomon-Platz,12627,25.11.2024,30.12.2024,Hauptstadt Kultur,11:00 - 22:00 Uhr,info@juettner-entertainment.de,https://www.hauptstadtkultur.berlin,"Weihnachtsrummel:
Fahrgeschäfte - Imbiss - Glühweintreff
Eintritt frei!"
172,Charlottenburg-Wilmersdorf,Weihnachtsmarkt an der Kaiser-Wilhelm-Gedächtniskirche,Breitscheidplatz,10719,25.11.2024,05.01.2025,Schaustellerverband Berlin,"Voraussichtlich (noch in Klärung): 
 Täglich von 11 bis 21 Uhr freitags & samstags: 11 bis 22 Uhr 24. -26. Dezember noch in Klärung
 31. Dezember + 1. Januar noch in Klärung",info@e-pr.de,https://www.schaustellerverband-berlin.de/weihnachtsmarkt-berlin.html,/
130,Spandau,Spandauer Weihnachtsmarkt,Altstadt Spandau,13597,25.11.2024,22.12.2024,Partner für Spandau GmbH,"Sonntag bis Donnerstag 11:00 - 20:00 Uhr
Freitag bis Samstag 11:00 - 22:00 Uhr",info@partner-fuer-spandau.de,https://www.spandauer-weihnachtsmarkt.de,"Hier ist Weihnachten zu Hause. Im Advent wird die Spandauer Altstadt wieder vom Duft gebrannter Mandeln, gegrillter Bratwurst und köstlichem Glühwein durchzogen. Kinderaugen strahlen beim Anblick bunter Zuckerwatte und die Herzen schlagen schneller bei Jung und Alt, wenn sie dem Weihnachtsmann begegnen.
 Vom Rathaus Spandau bis zur Kirche St. Nikolai, sowie auf dem Marktplatz bieten Kunsthandwerker und Händler Ihre Waren zum Stöbern, Staunen und natürlich zum Verkauf an. Auf dem südlichen Teil des Reformationsplatzes an der Kirche St. Nikolai findet wieder der beliebte mittelalterliche Teil des Weihnachtsmarktes seinen Platz.
 In Berlins größter zusammenhängenden Fußgängerzone mit seinen fast 120 Einzelhandelsgeschäften und drei Kaufhäusern, sowie den Spandau Arcaden, die fußläufig nur wenige Minuten entfernt sind, lässt sich der Weihnachtsmarktbesuch vortrefflich mit der Suche nach den schönsten Überraschungen zum Weihnachtsfest für die Lieben kombinieren.
Verkehrstechnisch ist der Spandauer Weihnachtsmarkt hervorragend angebunden. Zwischen den beiden U-Bahnhöfen Altstadt Spandau und Rathaus Spandau der Linie 7 gelegen, in unmittelbarer Nähe des Fern- und Regionalbahnhofs Spandau mit den Anschlüssen der S-Bahn, Regional- und Fernbahn, sowie unterschiedlichsten Buslinien, findet jeder Besucher seine optimale Verbindung mit dem ÖPNV. Und wer doch nicht auf das eigene Fahrzeug verzichten möchte, der hat die freie Wahl bei fast 5.000 Stellplätzen auf drei Parkplätzen und vier Parkhäusern, die rund um die Altstadt Spandau angesiedelt sind.
 Geöffnet ist der Spandauer Weihnachtsmarkt vom 27. November bis 23. Dezember täglich ab 11 Uhr und der Eintritt ist an allen Tagen frei.
 Der Spandauer Weihnachtsmarkt freut sich auf Sie!
 Spandauer Weihnachtsmarkt 2024 25.11.2023 – 22.12.2024
 Öffnungszeiten: Sonntag bis Donnerstag 11 - 20 Uhr Freitag und Samstag 11 - 22 Uhr"
133,Charlottenburg-Wilmersdorf,Lauenburger Veranstaltungen,"Fußgängerzone, Willmersdorferstraße zwischen Schillerstraße und Krumme Straße",10625,25.11.2024,28.12.2024,Angelique Lauenburger,"Montags bis Samstag,  11:00 Uhr bis 20:00 Uhr
 Sonntags 12:00 Uhr bis 19:00 Uhr
 Heiligabend 10:00 Uhr bis 14:00 Uhr
 Am 25.12.2024 und 26.12.2024 bleibt der Weihnachtsmarkt geschlossen",lauenburger-pony@gmx.de,/,/
139,Mitte,Wintermarkt Schloßplatz Berlin Mitte,Schloßplatz 1,10178,25.11.2024,01.01.2025,Schaustellerbetrieb Wollenschlaeger GmbH,11:00 Uhr - 22:00 Uhr,info@wollenschlaeger-berlin.de,https://wintermarkt-schlossplatz.de/,/
121,Charlottenburg-Wilmersdorf,Weihnachtsmarkt am Schloss Charlottenburg,"Schloss Charlottenburg , Spandauer Damm 20-24",14059,25.11.2024,29.12.2024,Jens Schmidt GmbH,"Mo-Do: 13:00 - 22:00 Uhr
Fr-So: 12:00 - 22:00 Uhr
Heilig Abend geschlossen
1./2. Weihnachtsfeiertag 12:00 - 22:00 Uhr",marktleitung@schloss-weihnachtsmarkt.de,https://www.schloss-weihnachtsmarkt.de,"Der Einritt ist frei.
Seit 2023 ist Jens Schmidt von der Jens Schmidt GmbH aus Velten neuer Veranstalter vom ""Weihnachtsmarkt am Schloss Charlottenburg"". 
 Alle Gäste des Marktes werden mit vielen Attraktionen besinnlich auf die Weihnachtszeit eingestimmt, können in eine Welt voller festlicher Freude eintauchen und den Zauber der Weihnacht erleben. Ob große Weihnachtspyramide, weihnachtliche Verkaufshäuschen, edle Pagodenzelte, Kinderkarussells oder aufwändige Licht-Installationen – eine Symphonie aus Licht, weihnachtlichem Glanz, Unterhaltung und Kunsthandwerk sorgt für unvergessliche Momente. Es gibt schöne Geschenkideen und liebevoll Selbstgemachtes, ebenso eine große Auswahl an kulinarischen Köstlichkeiten passend zur Weihnachtszeit."
94,Charlottenburg-Wilmersdorf,Adventsmarkt im Rathaus Charlottenburg,Otto-Suhr-Allee 100,10585,27.11.2024,27.11.2024,"Bezirksamt Charlottenburg-Wilmersdorf, Abteilung Bürgerdienste und Soziales",11:00-14:00,cw311003@charlottenburg-wilmersdorf.de,/,Die seit 2007 durchgeführte Veranstaltung ändert ihren Namen von Nikolausmarkt in Adventsmarkt. Ansonsten ändert sich wenig: Beschäftigungs- und Bildungsträger verkaufen von den Teilnehmenden hergestellte Adventsdekoration und Geschenkartikel aus Holz und Textil und stellen dabei ihre Angebote und Projekte im Bezirk vor.  Es entsteht ein buntes Angebot für die eigene Einstimmung in die Adventszeit.
16,Marzahn-Hellersdorf,Weihnachtsmarkt Alt-Marzahn,Alt-Marzahn 32,12685,29.11.2024,01.12.2024,Hauptstadt Kultur,12:00 - 22:00 Uhr,Info@juettner-entertainment.de,https://www.haupstadtkultur.berlin,"Kunsthandwerk, Leckereien, Glühwein Bar & Live Musik"
124,Charlottenburg-Wilmersdorf,Schwedischer Weihnachtsbasar,Landhausstr. 26-28,10717,29.11.2024,01.12.2024,Schwedische Victoriagemeinde e.V.,"Freitag, 29.11.: 16:00 - 20:00 Uhr
Samstag, 30.11.: 12:00 - 19:00 Uhr
Sonntag, 01.12.: 12:00 -18:00 Uhr",berlin@svenskakyrkan.se,https://www.svenskakyrkan.se/berlin/nyheter/weihnachtsbasar-der-schwedische-kirche,
43,Pankow,Weihnachtsmarkt Pankow (Am Schloss Schönhausen),Tschaikowskistraße 1,13156,29.11.2024,01.12.2024,Hauptstadt Kultur,11:00 - 21:00 Uhr,info@juettner-entertainment.de,https://www.hauptstadtkultur.berlin,"Kunsthandwerk, Leckereien, Glühwein Bar & Live Musik"
151,Mitte,Umwelt- und Weihnachtsmarkt in der Sophienstraße,Sophienstraße,10178,30.11. bis 01.12. / 07.12. bis 08.12. / 14.12. bis 15.12.  21.12. bis 22.12.2024,,EVENTS-R.Bielefeldt,Samstags 12:00 Uhr bis 20:00 Uhr Sonntags 11:00 Uhr bis 19:00 Uhr,post@weihnachtsmarkt-sophienstrasse.de,/,"Direkt neben den Hackeschen Höfen in einer der ältesten Straßen von Berlin, erwartet Sie ein außergewöhnliches Angebot an einzigartiger Designer- und Künstlerware. Das einmalige Konzept wurde bereits 1996 mit dem 1.Preis des Umweltwettbewerbs honoriert und hebt sich von den anderen Weihnachtsmärkten der Stadt wohltuend ab. 
 Von trendig-hippem Berliner Design- und Kunsthandwerk über Naturwaren höchster Bio-Güte bis hin zu den verschiedensten Gegenständen aus fairem Handel. Hier findet jeder Besucher sein individuelles Geschenk!
 Seit über 20 Jahren in Berlin und über die Stadtgrenzen hinaus bekannt!"
190,Brandenburg,Liebenberger Weihnachtsmarkt 2024 I Weihnachtszauber auf Schloss & Gut Liebenberg,Parkweg 1a (Löwenberger Land),16775,30.11.2024,22.12.2024,DKB STIFTUNG I Schloss & Gut Liebenberg,"Freitags: 17:00 Uhr bis 20:00 Uhr
Samstags und Sonntags: 12:00 Uhr bis 19:00 Uhr",franken.artpress@uteweingarten.de,https://www.schloss-liebenberg.de/liebenberger-weihnachtsmarkt/,"Eintauchen in festlichen Lichterglanz vor einzigartiger, historischer Kulisse."
31,Brandenburg,Prenzlauer Weihnachtsmarkt,"Marktberg, Prenzlau",17291,30.11.2024,15.12.2024,Stadt Prenzlau,Mo-Fr: 14.00 Uhr - 20.00 Uhr Samstag: 12.00 Uhr - 22.00 Uhr Sonntag: 12.00 Uhr - 18.00 Uhr,gsm@prenzlau.de,https://www.prenzlau.eu,freier Eintritt
118,Pankow,„Bunt in eine besinnliche Zeit – Wir leben Weihnachten“,Bahnhofstr. 32,13129,30.11.2024,30.11.2024,Albert Schweitzer Stiftung – Wohnen & Betreuen,15:00 - 18:00 Uhr,jillbueldt@ass-berlin.org,https://www.ass-berlin.org/,"Unter dem Motto „Bunt in eine besinnliche Zeit – Wir leben Weihnachten“ findet am 30.November auf dem festlich beleuchteten Stiftungsgelände in Berlin-Blankenburg der Albert Schweitzer Stiftung - Wohnen &amp; Betreuen der beliebte Adventsbasar statt. von 15 bis 18 Uhr will die Stiftung mit den Nutzer*innen, Mitarbeitenden, Ehrenamtlichen und Besucher*innen stimmungsvoll Vielfalt und Toleranz feiern. Ein festliches Bühnenprogramm, viele Mitmach-Aktionen für jung und alt sorgen für weihnachtliche Atmosphäre. An den geschmückten Ständen werden Besucher*innen auf der Suche nach individuellen Geschenken fündig. Für die kleinen Weihnachts-Fans stehen unter anderem Kinderkarussell und -eisenbahn bereit. Auch das kulinarische Angebot lässt keine Wünsche offen."
157,Brandenburg,"Der ""etwas andere"" Weihnachtsmarkt","Naturparkzentrum Hoher Fläming, Brennereiweg 45 (Rabenstein/Fläming)",14823,30.11.2024,01.12.2024,Naturparkverein Hoher Fläming e.V.,12:00 Uhr bis 18:00 Uhr,info@flaeming.net,/,"Wenn Glühweinduft in die Nase steigt, ein wärmendes Lagerfeuer in der Feuerschale knistert oder der Weihnachtsmann Gedichten und Liedern lauscht … dann ist wieder Weihnachtsmarkt in Raben! In diesem Jahr lädt der Naturparkverein Hoher Fläming bereits 26. Mal am ersten Adventswochenende zu diesem besonderen Familien-Weihnachtsmarkt rund um das Naturparkzentrum nach Raben ein. Hier kann man seine Weihnachtsgeschenke nicht nur kaufen - sondern auch selber basteln! Die Anreise ist bequem mit der Burgenlinie möglich. Fünf Mal am Tag, passend zu den Zügen aus Richtung Berlin und Potsdam, fährt der Bus vom Bahnhof Bad Belzig durch den Naturpark Hoher Fläming und wieder zurück zum Bahnhof."
70,Steglitz-Zehlendorf,Adventsmarkt auf der Domäne Dahlem,Königin-Luise-Str. 49,14195,30.11.2024,01.12.2024,Domäne Dahlem Veranstaltungsgesellschaft mbH,11:00 – 20:00 Uhr,marketing@domaene-dahlem.de,https://www.domaene-dahlem.de,"Direkt am U-Bahnhof Dahlem Dorf. Im besonderen Ambiente des historischen Gutshofes erwarten Sie erlesenes Kunsthandwerk und besondere Geschenkideen, Bastelangebote für Kinder und saisonale Leckereien. Eintrittspreise: regulär 3,50 €, ermäßigt 2,00 €, Kinder bis 12 Jahren frei"
7,Neukölln,Alt-Buckower Adventsmarkt,Alt-Buckow 36-38,12349,30.11.2024,30.11.2024,Evangelische Kirchengemeinde Berlin-Alt-Buckow,"13:30 Uhr Eröffnungsandacht
14:00 - 22:00 Uhr Fest",buero@dorfkirche-alt-buckow.de,https://www.dorfkirche-alt-buckow.de,/
202,Treptow-Köpenick,Weihnachtsmarkt „Lichterglanz im Tannenwald“,Späthstr. 80/81,12437,30.11.2024 - 01.12.2024; 07.12.2024 - 08.12.2024; 14.12.2024 - 15.12.2024,,Späth'sche Baumschulen Handel GmbH,11:00 Uhr bis 20:00 Uhr,info@spaethsche-baumschulen.de,https://www.spaethsche-baumschulen.de/veranstaltungen/jahreszeitliche-feste/weihnachtsmarkt/,"Eintritt: 8 Euro (Kinder bis 16 Jahre frei). Eintritt ermäßigt: 5 Euro. Einer der schönsten Weihnachtsmärkte von Berlin in historischer Umgebung: mit Weihnachtsmann und Engel, rund 100 Stände mit Geschenkideen, Konzerte auf großer Bühne, Monbijou-Theater in der Schwarzen Scheune, Märchenerzählerin, Weihnachtsbasteln und Kremserfahrten, Lagerfeuer und Kaminöfchen zum Hände wärmen, kulinarische Spezialitäten und süße Leckereien, echter Obstglühwein und ein Tannenwald mitten auf dem historischen Hof"
187,Steglitz-Zehlendorf,Adventsmarkt auf der Domäne Dahlem,Königin-Luise-Straße 49,14195,"30.11.2024 /
07.12.2024 /
14.12.2024 /
21.12.2024","01.12.2024 /
08.12.2024 /
15.12.2024 /
22.12.2024",Domäne Dahlem Veranstaltungs GmbH,11:00 Uhr bis 20:00 Uhr,marketing@domaene-dahlem.de,https://www.domaene-dahlem.de,"Eintritt 3,50 Euro für Erwachsene, ermäßigt 2,00 Euro, Kinder bis 12 Jahre Eintritt frei"
